[
  {"name": "Antigua and Barbuda", "code": "ag", "capital": "St. John's", "population": 100000, "area": 442, "timezone": "UTC-4", "region": "north-america", "language": "English", "coordinates": {"lat": 17.1, "lng": -61.8}},
  {"name": "Anguilla", "code": "ai", "capital": "The Valley", "population": 15000, "area": 91, "timezone": "UTC-4", "region": "north-america", "language": "English", "coordinates": {"lat": 18.2, "lng": -63.1}},
  {"name": "Aruba", "code": "aw", "capital": "Oranjestad", "population": 107000, "area": 180, "timezone": "UTC-4", "region": "north-america", "language": "Dutch", "coordinates": {"lat": 12.5, "lng": -70.0}},
  {"name": "Barbados", "code": "bb", "capital": "Bridgetown", "population": 288000, "area": 430, "timezone": "UTC-4", "region": "north-america", "language": "English", "coordinates": {"lat": 13.1, "lng": -59.6}},
  {"name": "Bermuda", "code": "bm", "capital": "Hamilton", "population": 64000, "area": 54, "timezone": "UTC-4", "region": "north-america", "language": "English", "coordinates": {"lat": 32.3, "lng": -64.8}},
  {"name": "Bahamas", "code": "bs", "capital": "Nassau", "population": 410000, "area": 13880, "timezone": "UTC-5", "region": "north-america", "language": "English", "coordinates": {"lat": 25.0, "lng": -77.4}},
  {"name": "Belize", "code": "bz", "capital": "Belmopan", "population": 420000, "area": 22966, "timezone": "UTC-6", "region": "north-america", "language": "English", "coordinates": {"lat": 17.3, "lng": -88.8}},
  {"name": "Canada", "code": "ca", "capital": "Ottawa", "population": 40100000, "area": 9984670, "timezone": "UTC-5", "region": "north-america", "language": "English", "coordinates": {"lat": 45.4, "lng": -75.7}},
  {"name": "Costa Rica", "code": "cr", "capital": "San José", "population": 5200000, "area": 51100, "timezone": "UTC-6", "region": "north-america", "language": "Spanish", "coordinates": {"lat": 9.9, "lng": -84.1}},
  {"name": "Cuba", "code": "cu", "capital": "Havana", "population": 11100000, "area": 109884, "timezone": "UTC-5", "region": "north-america", "language": "Spanish", "coordinates": {"lat": 23.1, "lng": -82.4}},
  {"name": "Dominica", "code": "dm", "capital": "Roseau", "population": 72000, "area": 751, "timezone": "UTC-4", "region": "north-america", "language": "English", "coordinates": {"lat": 15.3, "lng": -61.4}},
  {"name": "Dominican Republic", "code": "do", "capital": "Santo Domingo", "population": 11120000, "area": 48671, "timezone": "UTC-4", "region": "north-america", "language": "Spanish", "coordinates": {"lat": 18.5, "lng": -69.9}},
  {"name": "Grenada", "code": "gd", "capital": "St. George's", "population": 113000, "area": 344, "timezone": "UTC-4", "region": "north-america", "language": "English", "coordinates": {"lat": 12.1, "lng": -61.7}},
  {"name": "Guatemala", "code": "gt", "capital": "Guatemala City", "population": 17600000, "area": 108889, "timezone": "UTC-6", "region": "north-america", "language": "Spanish", "coordinates": {"lat": 14.6, "lng": -90.5}},
  {"name": "Honduras", "code": "hn", "capital": "Tegucigalpa", "population": 10280000, "area": 112492, "timezone": "UTC-6", "region": "north-america", "language": "Spanish", "coordinates": {"lat": 14.1, "lng": -87.2}},
  {"name": "Haiti", "code": "ht", "capital": "Port-au-Prince", "population": 11580000, "area": 27750, "timezone": "UTC-5", "region": "north-america", "language": "French", "coordinates": {"lat": 18.5, "lng": -72.3}},
  {"name": "Jamaica", "code": "jm", "capital": "Kingston", "population": 2830000, "area": 10991, "timezone": "UTC-5", "region": "north-america", "language": "English", "coordinates": {"lat": 18.0, "lng": -76.8}},
  {"name": "Saint Kitts and Nevis", "code": "kn", "capital": "Basseterre", "population": 54000, "area": 261, "timezone": "UTC-4", "region": "north-america", "language": "English", "coordinates": {"lat": 17.3, "lng": -62.7}},
  {"name": "Saint Lucia", "code": "lc", "capital": "Castries", "population": 180000, "area": 616, "timezone": "UTC-4", "region": "north-america", "language": "English", "coordinates": {"lat": 14.0, "lng": -61.0}},
  {"name": "Mexico", "code": "mx", "capital": "Mexico City", "population": 128900000, "area": 1964375, "timezone": "UTC-6", "region": "north-america", "language": "Spanish", "coordinates": {"lat": 19.4, "lng": -99.1}},
  {"name": "Nicaragua", "code": "ni", "capital": "Managua", "population": 6950000, "area": 130373, "timezone": "UTC-6", "region": "north-america", "language": "Spanish", "coordinates": {"lat": 12.1, "lng": -86.3}},
  {"name": "Panama", "code": "pa", "capital": "Panama City", "population": 4380000, "area": 75417, "timezone": "UTC-5", "region": "north-america", "language": "Spanish", "coordinates": {"lat": 9.0, "lng": -79.5}},
  {"name": "El Salvador", "code": "sv", "capital": "San Salvador", "population": 6520000, "area": 21041, "timezone": "UTC-6", "region": "north-america", "language": "Spanish", "coordinates": {"lat": 13.7, "lng": -89.2}},
  {"name": "Turks and Caicos Islands", "code": "tc", "capital": "Cockburn Town", "population": 46000, "area": 948, "timezone": "UTC-5", "region": "north-america", "language": "English", "coordinates": {"lat": 21.5, "lng": -71.1}},
  {"name": "Trinidad and Tobago", "code": "tt", "capital": "Port of Spain", "population": 1530000, "area": 5130, "timezone": "UTC-4", "region": "north-america", "language": "English", "coordinates": {"lat": 10.7, "lng": -61.5}},
  {"name": "United States", "code": "us", "capital": "Washington, D.C.", "population": 331900000, "area": 9833517, "timezone": "UTC-5", "region": "north-america", "language": "English", "coordinates": {"lat": 38.9, "lng": -77.0}},
  {"name": "Saint Vincent and the Grenadines", "code": "vc", "capital": "Kingstown", "population": 111000, "area": 389, "timezone": "UTC-4", "region": "north-america", "language": "English", "coordinates": {"lat": 13.2, "lng": -61.2}},

  {"name": "Argentina", "code": "ar", "capital": "Buenos Aires", "population": 45810000, "area": 2780400, "timezone": "UTC-3", "region": "south-america", "language": "Spanish", "coordinates": {"lat": -34.6, "lng": -58.4}},
  {"name": "Bolivia", "code": "bo", "capital": "Sucre", "population": 12080000, "area": 1098581, "timezone": "UTC-4", "region": "south-america", "language": "Spanish", "coordinates": {"lat": -19.0, "lng": -65.3}},
  {"name": "Brazil", "code": "br", "capital": "Brasília", "population": 214300000, "area": 8515767, "timezone": "UTC-3", "region": "south-america", "language": "Portuguese", "coordinates": {"lat": -15.8, "lng": -47.9}},
  {"name": "Chile", "code": "cl", "capital": "Santiago", "population": 19490000, "area": 756102, "timezone": "UTC-4", "region": "south-america", "language": "Spanish", "coordinates": {"lat": -33.4, "lng": -70.6}},
  {"name": "Colombia", "code": "co", "capital": "Bogotá", "population": 51870000, "area": 1141748, "timezone": "UTC-5", "region": "south-america", "language": "Spanish", "coordinates": {"lat": 4.6, "lng": -74.1}},
  {"name": "Ecuador", "code": "ec", "capital": "Quito", "population": 18000000, "area": 283561, "timezone": "UTC-5", "region": "south-america", "language": "Spanish", "coordinates": {"lat": -0.2, "lng": -78.5}},
  {"name": "Guyana", "code": "gy", "capital": "Georgetown", "population": 804000, "area": 214969, "timezone": "UTC-4", "region": "south-america", "language": "English", "coordinates": {"lat": 6.8, "lng": -58.2}},
  {"name": "Peru", "code": "pe", "capital": "Lima", "population": 34000000, "area": 1285216, "timezone": "UTC-5", "region": "south-america", "language": "Spanish", "coordinates": {"lat": -12.0, "lng": -77.0}},
  {"name": "Paraguay", "code": "py", "capital": "Asunción", "population": 6780000, "area": 406752, "timezone": "UTC-4", "region": "south-america", "language": "Spanish", "coordinates": {"lat": -25.3, "lng": -57.6}},
  {"name": "Suriname", "code": "sr", "capital": "Paramaribo", "population": 612000, "area": 163820, "timezone": "UTC-3", "region": "south-america", "language": "Dutch", "coordinates": {"lat": 5.9, "lng": -55.2}},
  {"name": "Uruguay", "code": "uy", "capital": "Montevideo", "population": 3470000, "area": 176215, "timezone": "UTC-3", "region": "south-america", "language": "Spanish", "coordinates": {"lat": -34.9, "lng": -56.2}},
  {"name": "Venezuela", "code": "ve", "capital": "Caracas", "population": 28440000, "area": 916445, "timezone": "UTC-4", "region": "south-america", "language": "Spanish", "coordinates": {"lat": 10.5, "lng": -66.9}},

  {"name": "Andorra", "code": "ad", "capital": "Andorra la Vella", "population": 79000, "area": 468, "timezone": "UTC+1", "region": "europe", "language": "Catalan", "coordinates": {"lat": 42.5, "lng": 1.5}},
  {"name": "Albania", "code": "al", "capital": "Tirana", "population": 2840000, "area": 28748, "timezone": "UTC+1", "region": "europe", "language": "Albanian", "coordinates": {"lat": 41.3, "lng": 19.8}},
  {"name": "Austria", "code": "at", "capital": "Vienna", "population": 9100000, "area": 83871, "timezone": "UTC+1", "region": "europe", "language": "German", "coordinates": {"lat": 48.2, "lng": 16.4}},
  {"name": "Bosnia and Herzegovina", "code": "ba", "capital": "Sarajevo", "population": 3270000, "area": 51197, "timezone": "UTC+1", "region": "europe", "language": "Bosnian", "coordinates": {"lat": 43.9, "lng": 18.4}},
  {"name": "Belgium", "code": "be", "capital": "Brussels", "population": 11590000, "area": 30528, "timezone": "UTC+1", "region": "europe", "language": "Dutch", "coordinates": {"lat": 50.8, "lng": 4.4}},
  {"name": "Bulgaria", "code": "bg", "capital": "Sofia", "population": 6850000, "area": 110879, "timezone": "UTC+2", "region": "europe", "language": "Bulgarian", "coordinates": {"lat": 42.7, "lng": 23.3}},
  {"name": "Belarus", "code": "by", "capital": "Minsk", "population": 9200000, "area": 207600, "timezone": "UTC+3", "region": "europe", "language": "Belarusian", "coordinates": {"lat": 53.9, "lng": 27.6}},
  {"name": "Switzerland", "code": "ch", "capital": "Bern", "population": 8800000, "area": 41284, "timezone": "UTC+1", "region": "europe", "language": "German", "coordinates": {"lat": 46.9, "lng": 7.4}},
  {"name": "Cyprus", "code": "cy", "capital": "Nicosia", "population": 1220000, "area": 9251, "timezone": "UTC+2", "region": "europe", "language": "Greek", "coordinates": {"lat": 35.2, "lng": 33.4}},
  {"name": "Czech Republic", "code": "cz", "capital": "Prague", "population": 10520000, "area": 78867, "timezone": "UTC+1", "region": "europe", "language": "Czech", "coordinates": {"lat": 50.1, "lng": 14.4}},
  {"name": "Germany", "code": "de", "capital": "Berlin", "population": 84360000, "area": 357114, "timezone": "UTC+1", "region": "europe", "language": "German", "coordinates": {"lat": 52.5, "lng": 13.4}},
  {"name": "Denmark", "code": "dk", "capital": "Copenhagen", "population": 5900000, "area": 43094, "timezone": "UTC+1", "region": "europe", "language": "Danish", "coordinates": {"lat": 55.7, "lng": 12.6}},
  {"name": "Estonia", "code": "ee", "capital": "Tallinn", "population": 1370000, "area": 45228, "timezone": "UTC+2", "region": "europe", "language": "Estonian", "coordinates": {"lat": 59.4, "lng": 24.7}},
  {"name": "Spain", "code": "es", "capital": "Madrid", "population": 47780000, "area": 505990, "timezone": "UTC+1", "region": "europe", "language": "Spanish", "coordinates": {"lat": 40.4, "lng": -3.7}},
  {"name": "Finland", "code": "fi", "capital": "Helsinki", "population": 5540000, "area": 338424, "timezone": "UTC+2", "region": "europe", "language": "Finnish", "coordinates": {"lat": 60.2, "lng": 24.9}},
  {"name": "France", "code": "fr", "capital": "Paris", "population": 67750000, "area": 643801, "timezone": "UTC+1", "region": "europe", "language": "French", "coordinates": {"lat": 48.9, "lng": 2.3}},
  {"name": "United Kingdom", "code": "gb", "capital": "London", "population": 67330000, "area": 242495, "timezone": "UTC+0", "region": "europe", "language": "English", "coordinates": {"lat": 51.5, "lng": -0.1}},
  {"name": "Greece", "code": "gr", "capital": "Athens", "population": 10430000, "area": 131957, "timezone": "UTC+2", "region": "europe", "language": "Greek", "coordinates": {"lat": 37.98, "lng": 23.7}},
  {"name": "Croatia", "code": "hr", "capital": "Zagreb", "population": 3870000, "area": 56594, "timezone": "UTC+1", "region": "europe", "language": "Croatian", "coordinates": {"lat": 45.8, "lng": 16.0}},
  {"name": "Hungary", "code": "hu", "capital": "Budapest", "population": 9600000, "area": 93028, "timezone": "UTC+1", "region": "europe", "language": "Hungarian", "coordinates": {"lat": 47.5, "lng": 19.0}},
  {"name": "Ireland", "code": "ie", "capital": "Dublin", "population": 5130000, "area": 70273, "timezone": "UTC+0", "region": "europe", "language": "English", "coordinates": {"lat": 53.3, "lng": -6.3}},
  {"name": "Iceland", "code": "is", "capital": "Reykjavik", "population": 376000, "area": 103000, "timezone": "UTC+0", "region": "europe", "language": "Icelandic", "coordinates": {"lat": 64.1, "lng": -21.9}},
  {"name": "Italy", "code": "it", "capital": "Rome", "population": 58940000, "area": 301340, "timezone": "UTC+1", "region": "europe", "language": "Italian", "coordinates": {"lat": 41.9, "lng": 12.5}},
  {"name": "Liechtenstein", "code": "li", "capital": "Vaduz", "population": 39000, "area": 160, "timezone": "UTC+1", "region": "europe", "language": "German", "coordinates": {"lat": 47.1, "lng": 9.5}},
  {"name": "Lithuania", "code": "lt", "capital": "Vilnius", "population": 2800000, "area": 65300, "timezone": "UTC+2", "region": "europe", "language": "Lithuanian", "coordinates": {"lat": 54.7, "lng": 25.3}},
  {"name": "Luxembourg", "code": "lu", "capital": "Luxembourg City", "population": 650000, "area": 2586, "timezone": "UTC+1", "region": "europe", "language": "Luxembourgish", "coordinates": {"lat": 49.6, "lng": 6.1}},
  {"name": "Latvia", "code": "lv", "capital": "Riga", "population": 1850000, "area": 64589, "timezone": "UTC+2", "region": "europe", "language": "Latvian", "coordinates": {"lat": 56.9, "lng": 24.1}},
  {"name": "Monaco", "code": "mc", "capital": "Monaco", "population": 39000, "area": 2, "timezone": "UTC+1", "region": "europe", "language": "French", "coordinates": {"lat": 43.7, "lng": 7.4}},
  {"name": "Moldova", "code": "md", "capital": "Chișinău", "population": 2600000, "area": 33846, "timezone": "UTC+2", "region": "europe", "language": "Romanian", "coordinates": {"lat": 47.0, "lng": 28.9}},
  {"name": "Montenegro", "code": "me", "capital": "Podgorica", "population": 620000, "area": 13812, "timezone": "UTC+1", "region": "europe", "language": "Montenegrin", "coordinates": {"lat": 42.4, "lng": 19.3}},
  {"name": "North Macedonia", "code": "mk", "capital": "Skopje", "population": 2080000, "area": 25713, "timezone": "UTC+1", "region": "europe", "language": "Macedonian", "coordinates": {"lat": 42.0, "lng": 21.4}},
  {"name": "Malta", "code": "mt", "capital": "Valletta", "population": 520000, "area": 316, "timezone": "UTC+1", "region": "europe", "language": "Maltese", "coordinates": {"lat": 35.9, "lng": 14.5}},
  {"name": "Netherlands", "code": "nl", "capital": "Amsterdam", "population": 17800000, "area": 41543, "timezone": "UTC+1", "region": "europe", "language": "Dutch", "coordinates": {"lat": 52.4, "lng": 4.9}},
  {"name": "Norway", "code": "no", "capital": "Oslo", "population": 5470000, "area": 323802, "timezone": "UTC+1", "region": "europe", "language": "Norwegian", "coordinates": {"lat": 59.9, "lng": 10.8}},
  {"name": "Poland", "code": "pl", "capital": "Warsaw", "population": 37750000, "area": 312696, "timezone": "UTC+1", "region": "europe", "language": "Polish", "coordinates": {"lat": 52.2, "lng": 21.0}},
  {"name": "Portugal", "code": "pt", "capital": "Lisbon", "population": 10350000, "area": 92212, "timezone": "UTC+0", "region": "europe", "language": "Portuguese", "coordinates": {"lat": 38.7, "lng": -9.1}},
  {"name": "Romania", "code": "ro", "capital": "Bucharest", "population": 19050000, "area": 238391, "timezone": "UTC+2", "region": "europe", "language": "Romanian", "coordinates": {"lat": 44.4, "lng": 26.1}},
  {"name": "Serbia", "code": "rs", "capital": "Belgrade", "population": 6740000, "area": 88361, "timezone": "UTC+1", "region": "europe", "language": "Serbian", "coordinates": {"lat": 44.8, "lng": 20.5}},
  {"name": "Sweden", "code": "se", "capital": "Stockholm", "population": 10550000, "area": 450295, "timezone": "UTC+1", "region": "europe", "language": "Swedish", "coordinates": {"lat": 59.3, "lng": 18.1}},
  {"name": "Slovenia", "code": "si", "capital": "Ljubljana", "population": 2120000, "area": 20273, "timezone": "UTC+1", "region": "europe", "language": "Slovene", "coordinates": {"lat": 46.1, "lng": 14.5}},
  {"name": "Slovakia", "code": "sk", "capital": "Bratislava", "population": 5430000, "area": 49035, "timezone": "UTC+1", "region": "europe", "language": "Slovak", "coordinates": {"lat": 48.1, "lng": 17.1}},
  {"name": "San Marino", "code": "sm", "capital": "San Marino", "population": 34000, "area": 61, "timezone": "UTC+1", "region": "europe", "language": "Italian", "coordinates": {"lat": 43.9, "lng": 12.4}},
  {"name": "Ukraine", "code": "ua", "capital": "Kyiv", "population": 37000000, "area": 603550, "timezone": "UTC+2", "region": "europe", "language": "Ukrainian", "coordinates": {"lat": 50.4, "lng": 30.5}},
  {"name": "Vatican City", "code": "va", "capital": "Vatican City", "population": 800, "area": 0.44, "timezone": "UTC+1", "region": "europe", "language": "Latin", "coordinates": {"lat": 41.9, "lng": 12.5}},
  {"name": "Kosovo", "code": "xk", "capital": "Pristina", "population": 1870000, "area": 10887, "timezone": "UTC+1", "region": "europe", "language": "Albanian", "coordinates": {"lat": 42.7, "lng": 21.2}},

  {"name": "Angola", "code": "ao", "capital": "Luanda", "population": 35590000, "area": 1246700, "timezone": "UTC+1", "region": "africa", "language": "Portuguese", "coordinates": {"lat": -8.8, "lng": 13.2}},
  {"name": "Burkina Faso", "code": "bf", "capital": "Ouagadougou", "population": 22670000, "area": 274200, "timezone": "UTC+0", "region": "africa", "language": "French", "coordinates": {"lat": 12.4, "lng": -1.5}},
  {"name": "Burundi", "code": "bi", "capital": "Gitega", "population": 12890000, "area": 27834, "timezone": "UTC+2", "region": "africa", "language": "Kirundi", "coordinates": {"lat": -3.4, "lng": 29.9}},
  {"name": "Benin", "code": "bj", "capital": "Porto-Novo", "population": 13300000, "area": 114763, "timezone": "UTC+1", "region": "africa", "language": "French", "coordinates": {"lat": 6.5, "lng": 2.6}},
  {"name": "Botswana", "code": "bw", "capital": "Gaborone", "population": 2630000, "area": 581730, "timezone": "UTC+2", "region": "africa", "language": "English", "coordinates": {"lat": -24.7, "lng": 25.9}},
  {"name": "DR Congo", "code": "cd", "capital": "Kinshasa", "population": 99010000, "area": 2344858, "timezone": "UTC+1", "region": "africa", "language": "French", "coordinates": {"lat": -4.3, "lng": 15.3}},
  {"name": "Central African Republic", "code": "cf", "capital": "Bangui", "population": 5460000, "area": 622984, "timezone": "UTC+1", "region": "africa", "language": "French", "coordinates": {"lat": 4.4, "lng": 18.6}},
  {"name": "Republic of the Congo", "code": "cg", "capital": "Brazzaville", "population": 5970000, "area": 342000, "timezone": "UTC+1", "region": "africa", "language": "French", "coordinates": {"lat": -4.3, "lng": 15.3}},
  {"name": "Ivory Coast", "code": "ci", "capital": "Yamoussoukro", "population": 28160000, "area": 322463, "timezone": "UTC+0", "region": "africa", "language": "French", "coordinates": {"lat": 6.8, "lng": -5.3}},
  {"name": "Cameroon", "code": "cm", "capital": "Yaoundé", "population": 28650000, "area": 475442, "timezone": "UTC+1", "region": "africa", "language": "French", "coordinates": {"lat": 3.9, "lng": 11.5}},
  {"name": "Cape Verde", "code": "cv", "capital": "Praia", "population": 593000, "area": 4033, "timezone": "UTC-1", "region": "africa", "language": "Portuguese", "coordinates": {"lat": 14.9, "lng": -23.5}},
  {"name": "Djibouti", "code": "dj", "capital": "Djibouti", "population": 1120000, "area": 23200, "timezone": "UTC+3", "region": "africa", "language": "French", "coordinates": {"lat": 11.6, "lng": 43.1}},
  {"name": "Algeria", "code": "dz", "capital": "Algiers", "population": 45350000, "area": 2381741, "timezone": "UTC+1", "region": "africa", "language": "Arabic", "coordinates": {"lat": 36.8, "lng": 3.0}},
  {"name": "Egypt", "code": "eg", "capital": "Cairo", "population": 104000000, "area": 1002450, "timezone": "UTC+2", "region": "africa", "language": "Arabic", "coordinates": {"lat": 30.0, "lng": 31.2}},
  {"name": "Eritrea", "code": "er", "capital": "Asmara", "population": 3620000, "area": 117600, "timezone": "UTC+3", "region": "africa", "language": "Tigrinya", "coordinates": {"lat": 15.3, "lng": 38.9}},
  {"name": "Ethiopia", "code": "et", "capital": "Addis Ababa", "population": 123400000, "area": 1104300, "timezone": "UTC+3", "region": "africa", "language": "Amharic", "coordinates": {"lat": 9.0, "lng": 38.7}},
  {"name": "Gabon", "code": "ga", "capital": "Libreville", "population": 2390000, "area": 267668, "timezone": "UTC+1", "region": "africa", "language": "French", "coordinates": {"lat": 0.4, "lng": 9.5}},
  {"name": "Ghana", "code": "gh", "capital": "Accra", "population": 33480000, "area": 238533, "timezone": "UTC+0", "region": "africa", "language": "English", "coordinates": {"lat": 5.6, "lng": -0.2}},
  {"name": "Gambia", "code": "gm", "capital": "Banjul", "population": 2640000, "area": 11295, "timezone": "UTC+0", "region": "africa", "language": "English", "coordinates": {"lat": 13.5, "lng": -16.6}},
  {"name": "Guinea", "code": "gn", "capital": "Conakry", "population": 13860000, "area": 245857, "timezone": "UTC+0", "region": "africa", "language": "French", "coordinates": {"lat": 9.6, "lng": -13.6}},
  {"name": "Equatorial Guinea", "code": "gq", "capital": "Malabo", "population": 1670000, "area": 28051, "timezone": "UTC+1", "region": "africa", "language": "Spanish", "coordinates": {"lat": 3.8, "lng": 8.8}},
  {"name": "Guinea-Bissau", "code": "gw", "capital": "Bissau", "population": 2060000, "area": 36125, "timezone": "UTC+0", "region": "africa", "language": "Portuguese", "coordinates": {"lat": 11.9, "lng": -15.6}},
  {"name": "Kenya", "code": "ke", "capital": "Nairobi", "population": 54030000, "area": 580367, "timezone": "UTC+3", "region": "africa", "language": "Swahili", "coordinates": {"lat": -1.3, "lng": 36.8}},
  {"name": "Comoros", "code": "km", "capital": "Moroni", "population": 907000, "area": 1862, "timezone": "UTC+3", "region": "africa", "language": "Comorian", "coordinates": {"lat": -11.7, "lng": 43.3}},
  {"name": "Liberia", "code": "lr", "capital": "Monrovia", "population": 5300000, "area": 111369, "timezone": "UTC+0", "region": "africa", "language": "English", "coordinates": {"lat": 6.3, "lng": -10.8}},
  {"name": "Lesotho", "code": "ls", "capital": "Maseru", "population": 2280000, "area": 30355, "timezone": "UTC+2", "region": "africa", "language": "Sesotho", "coordinates": {"lat": -29.3, "lng": 27.5}},
  {"name": "Libya", "code": "ly", "capital": "Tripoli", "population": 7040000, "area": 1759540, "timezone": "UTC+2", "region": "africa", "language": "Arabic", "coordinates": {"lat": 32.9, "lng": 13.2}},
  {"name": "Morocco", "code": "ma", "capital": "Rabat", "population": 37340000, "area": 446550, "timezone": "UTC+1", "region": "africa", "language": "Arabic", "coordinates": {"lat": 34.0, "lng": -6.8}},
  {"name": "Madagascar", "code": "mg", "capital": "Antananarivo", "population": 29610000, "area": 587041, "timezone": "UTC+3", "region": "africa", "language": "Malagasy", "coordinates": {"lat": -18.9, "lng": 47.5}},
  {"name": "Mali", "code": "ml", "capital": "Bamako", "population": 22590000, "area": 1240192, "timezone": "UTC+0", "region": "africa", "language": "French", "coordinates": {"lat": 12.6, "lng": -8.0}},
  {"name": "Mauritania", "code": "mr", "capital": "Nouakchott", "population": 4860000, "area": 1030700, "timezone": "UTC+0", "region": "africa", "language": "Arabic", "coordinates": {"lat": 18.1, "lng": -15.9}},
  {"name": "Mauritius", "code": "mu", "capital": "Port Louis", "population": 1270000, "area": 2040, "timezone": "UTC+4", "region": "africa", "language": "English", "coordinates": {"lat": -20.2, "lng": 57.5}},
  {"name": "Malawi", "code": "mw", "capital": "Lilongwe", "population": 20410000, "area": 118484, "timezone": "UTC+2", "region": "africa", "language": "English", "coordinates": {"lat": -14.0, "lng": 33.8}},
  {"name": "Mozambique", "code": "mz", "capital": "Maputo", "population": 32970000, "area": 801590, "timezone": "UTC+2", "region": "africa", "language": "Portuguese", "coordinates": {"lat": -25.9, "lng": 32.6}},
  {"name": "Namibia", "code": "na", "capital": "Windhoek", "population": 2600000, "area": 825615, "timezone": "UTC+2", "region": "africa", "language": "English", "coordinates": {"lat": -22.6, "lng": 17.1}},
  {"name": "Niger", "code": "ne", "capital": "Niamey", "population": 26210000, "area": 1267000, "timezone": "UTC+1", "region": "africa", "language": "French", "coordinates": {"lat": 13.5, "lng": 2.1}},
  {"name": "Nigeria", "code": "ng", "capital": "Abuja", "population": 223800000, "area": 923768, "timezone": "UTC+1", "region": "africa", "language": "English", "coordinates": {"lat": 9.1, "lng": 7.5}},
  {"name": "Rwanda", "code": "rw", "capital": "Kigali", "population": 13780000, "area": 26338, "timezone": "UTC+2", "region": "africa", "language": "Kinyarwanda", "coordinates": {"lat": -1.9, "lng": 30.1}},
  {"name": "Seychelles", "code": "sc", "capital": "Victoria", "population": 100000, "area": 459, "timezone": "UTC+4", "region": "africa", "language": "Seychellois Creole", "coordinates": {"lat": -4.6, "lng": 55.5}},
  {"name": "Sudan", "code": "sd", "capital": "Khartoum", "population": 46750000, "area": 1861484, "timezone": "UTC+2", "region": "africa", "language": "Arabic", "coordinates": {"lat": 15.6, "lng": 32.5}},
  {"name": "Sierra Leone", "code": "sl", "capital": "Freetown", "population": 8610000, "area": 71740, "timezone": "UTC+0", "region": "africa", "language": "English", "coordinates": {"lat": 8.5, "lng": -13.2}},
  {"name": "Senegal", "code": "sn", "capital": "Dakar", "population": 17740000, "area": 196722, "timezone": "UTC+0", "region": "africa", "language": "French", "coordinates": {"lat": 14.7, "lng": -17.4}},
  {"name": "Somalia", "code": "so", "capital": "Mogadishu", "population": 17590000, "area": 637657, "timezone": "UTC+3", "region": "africa", "language": "Somali", "coordinates": {"lat": 2.0, "lng": 45.3}},
  {"name": "South Sudan", "code": "ss", "capital": "Juba", "population": 11380000, "area": 644329, "timezone": "UTC+2", "region": "africa", "language": "English", "coordinates": {"lat": 4.9, "lng": 31.6}},
  {"name": "São Tomé and Príncipe", "code": "st", "capital": "São Tomé", "population": 223000, "area": 964, "timezone": "UTC+0", "region": "africa", "language": "Portuguese", "coordinates": {"lat": 0.3, "lng": 6.7}},
  {"name": "Eswatini", "code": "sz", "capital": "Mbabane", "population": 1200000, "area": 17364, "timezone": "UTC+2", "region": "africa", "language": "Swazi", "coordinates": {"lat": -26.3, "lng": 31.1}},
  {"name": "Chad", "code": "td", "capital": "N'Djamena", "population": 17720000, "area": 1284000, "timezone": "UTC+1", "region": "africa", "language": "French", "coordinates": {"lat": 12.1, "lng": 15.0}},
  {"name": "Togo", "code": "tg", "capital": "Lomé", "population": 8850000, "area": 56785, "timezone": "UTC+0", "region": "africa", "language": "French", "coordinates": {"lat": 6.1, "lng": 1.2}},
  {"name": "Tunisia", "code": "tn", "capital": "Tunis", "population": 12260000, "area": 163610, "timezone": "UTC+1", "region": "africa", "language": "Arabic", "coordinates": {"lat": 36.8, "lng": 10.2}},
  {"name": "Tanzania", "code": "tz", "capital": "Dodoma", "population": 63590000, "area": 945087, "timezone": "UTC+3", "region": "africa", "language": "Swahili", "coordinates": {"lat": -6.2, "lng": 35.7}},
  {"name": "Uganda", "code": "ug", "capital": "Kampala", "population": 47250000, "area": 241550, "timezone": "UTC+3", "region": "africa", "language": "English", "coordinates": {"lat": 0.3, "lng": 32.6}},
  {"name": "South Africa", "code": "za", "capital": "Pretoria", "population": 60600000, "area": 1221037, "timezone": "UTC+2", "region": "africa", "language": "Zulu", "coordinates": {"lat": -25.7, "lng": 28.2}},
  {"name": "Zambia", "code": "zm", "capital": "Lusaka", "population": 20020000, "area": 752618, "timezone": "UTC+2", "region": "africa", "language": "English", "coordinates": {"lat": -15.4, "lng": 28.3}},
  {"name": "Zimbabwe", "code": "zw", "capital": "Harare", "population": 16320000, "area": 390757, "timezone": "UTC+2", "region": "africa", "language": "English", "coordinates": {"lat": -17.8, "lng": 31.0}},

  {"name": "United Arab Emirates", "code": "ae", "capital": "Abu Dhabi", "population": 9440000, "area": 83600, "timezone": "UTC+4", "region": "asia-oceania", "language": "Arabic", "coordinates": {"lat": 24.5, "lng": 54.4}},
  {"name": "Afghanistan", "code": "af", "capital": "Kabul", "population": 40100000, "area": 652230, "timezone": "UTC+4:30", "region": "asia-oceania", "language": "Dari", "coordinates": {"lat": 34.5, "lng": 69.2}},
  {"name": "Armenia", "code": "am", "capital": "Yerevan", "population": 2780000, "area": 29743, "timezone": "UTC+4", "region": "asia-oceania", "language": "Armenian", "coordinates": {"lat": 40.2, "lng": 44.5}},
  {"name": "Australia", "code": "au", "capital": "Canberra", "population": 26440000, "area": 7692024, "timezone": "UTC+10", "region": "asia-oceania", "language": "English", "coordinates": {"lat": -35.3, "lng": 149.1}},
  {"name": "Azerbaijan", "code": "az", "capital": "Baku", "population": 10350000, "area": 86600, "timezone": "UTC+4", "region": "asia-oceania", "language": "Azerbaijani", "coordinates": {"lat": 40.4, "lng": 49.9}},
  {"name": "Bangladesh", "code": "bd", "capital": "Dhaka", "population": 169400000, "area": 147570, "timezone": "UTC+6", "region": "asia-oceania", "language": "Bengali", "coordinates": {"lat": 23.8, "lng": 90.4}},
  {"name": "Brunei", "code": "bn", "capital": "Bandar Seri Begawan", "population": 449000, "area": 5765, "timezone": "UTC+8", "region": "asia-oceania", "language": "Malay", "coordinates": {"lat": 4.9, "lng": 114.9}},
  {"name": "Bhutan", "code": "bt", "capital": "Thimphu", "population": 787000, "area": 38394, "timezone": "UTC+6", "region": "asia-oceania", "language": "Dzongkha", "coordinates": {"lat": 27.5, "lng": 89.6}},
  {"name": "China", "code": "cn", "capital": "Beijing", "population": 1412000000, "area": 9596960, "timezone": "UTC+8", "region": "asia-oceania", "language": "Mandarin", "coordinates": {"lat": 39.9, "lng": 116.4}},
  {"name": "Fiji", "code": "fj", "capital": "Suva", "population": 929000, "area": 18274, "timezone": "UTC+12", "region": "asia-oceania", "language": "English", "coordinates": {"lat": -18.1, "lng": 178.4}},
  {"name": "Georgia", "code": "ge", "capital": "Tbilisi", "population": 3710000, "area": 69700, "timezone": "UTC+4", "region": "asia-oceania", "language": "Georgian", "coordinates": {"lat": 41.7, "lng": 44.8}},
  {"name": "Hong Kong", "code": "hk", "capital": "Hong Kong", "population": 7500000, "area": 1104, "timezone": "UTC+8", "region": "asia-oceania", "language": "Cantonese", "coordinates": {"lat": 22.3, "lng": 114.2}},
  {"name": "Indonesia", "code": "id", "capital": "Jakarta", "population": 277500000, "area": 1904569, "timezone": "UTC+7", "region": "asia-oceania", "language": "Indonesian", "coordinates": {"lat": -6.2, "lng": 106.8}},
  {"name": "Israel", "code": "il", "capital": "Jerusalem", "population": 9660000, "area": 20770, "timezone": "UTC+2", "region": "asia-oceania", "language": "Hebrew", "coordinates": {"lat": 31.8, "lng": 35.2}},
  {"name": "India", "code": "in", "capital": "New Delhi", "population": 1417000000, "area": 3287263, "timezone": "UTC+5:30", "region": "asia-oceania", "language": "Hindi", "coordinates": {"lat": 28.6, "lng": 77.2}},
  {"name": "Iraq", "code": "iq", "capital": "Baghdad", "population": 43530000, "area": 438317, "timezone": "UTC+3", "region": "asia-oceania", "language": "Arabic", "coordinates": {"lat": 33.3, "lng": 44.4}},
  {"name": "Iran", "code": "ir", "capital": "Tehran", "population": 87590000, "area": 1648195, "timezone": "UTC+3:30", "region": "asia-oceania", "language": "Persian", "coordinates": {"lat": 35.7, "lng": 51.4}},
  {"name": "Jordan", "code": "jo", "capital": "Amman", "population": 11150000, "area": 89342, "timezone": "UTC+2", "region": "asia-oceania", "language": "Arabic", "coordinates": {"lat": 31.9, "lng": 35.9}},
  {"name": "Japan", "code": "jp", "capital": "Tokyo", "population": 125800000, "area": 377975, "timezone": "UTC+9", "region": "asia-oceania", "language": "Japanese", "coordinates": {"lat": 35.7, "lng": 139.7}},
  {"name": "Kyrgyzstan", "code": "kg", "capital": "Bishkek", "population": 6970000, "area": 199951, "timezone": "UTC+6", "region": "asia-oceania", "language": "Kyrgyz", "coordinates": {"lat": 42.9, "lng": 74.6}},
  {"name": "Cambodia", "code": "kh", "capital": "Phnom Penh", "population": 16950000, "area": 181035, "timezone": "UTC+7", "region": "asia-oceania", "language": "Khmer", "coordinates": {"lat": 11.6, "lng": 104.9}},
  {"name": "South Korea", "code": "kr", "capital": "Seoul", "population": 51740000, "area": 100210, "timezone": "UTC+9", "region": "asia-oceania", "language": "Korean", "coordinates": {"lat": 37.6, "lng": 127.0}},
  {"name": "Kuwait", "code": "kw", "capital": "Kuwait City", "population": 4330000, "area": 17818, "timezone": "UTC+3", "region": "asia-oceania", "language": "Arabic", "coordinates": {"lat": 29.4, "lng": 47.9}},
  {"name": "Kazakhstan", "code": "kz", "capital": "Astana", "population": 19400000, "area": 2724900, "timezone": "UTC+6", "region": "asia-oceania", "language": "Kazakh", "coordinates": {"lat": 51.2, "lng": 71.4}},
  {"name": "Laos", "code": "la", "capital": "Vientiane", "population": 7530000, "area": 236800, "timezone": "UTC+7", "region": "asia-oceania", "language": "Lao", "coordinates": {"lat": 18.0, "lng": 102.6}},
  {"name": "Lebanon", "code": "lb", "capital": "Beirut", "population": 5490000, "area": 10452, "timezone": "UTC+2", "region": "asia-oceania", "language": "Arabic", "coordinates": {"lat": 33.9, "lng": 35.5}},
  {"name": "Sri Lanka", "code": "lk", "capital": "Sri Jayawardenepura Kotte", "population": 22040000, "area": 65610, "timezone": "UTC+5:30", "region": "asia-oceania", "language": "Sinhala", "coordinates": {"lat": 6.9, "lng": 79.9}},
  {"name": "Myanmar", "code": "mm", "capital": "Naypyidaw", "population": 54180000, "area": 676578, "timezone": "UTC+6:30", "region": "asia-oceania", "language": "Burmese", "coordinates": {"lat": 19.8, "lng": 96.1}},
  {"name": "Mongolia", "code": "mn", "capital": "Ulaanbaatar", "population": 3400000, "area": 1564116, "timezone": "UTC+8", "region": "asia-oceania", "language": "Mongolian", "coordinates": {"lat": 47.9, "lng": 106.9}},
  {"name": "Macau", "code": "mo", "capital": "Macau", "population": 695000, "area": 33, "timezone": "UTC+8", "region": "asia-oceania", "language": "Cantonese", "coordinates": {"lat": 22.2, "lng": 113.5}},
  {"name": "Maldives", "code": "mv", "capital": "Malé", "population": 521000, "area": 300, "timezone": "UTC+5", "region": "asia-oceania", "language": "Dhivehi", "coordinates": {"lat": 4.2, "lng": 73.5}},
  {"name": "Malaysia", "code": "my", "capital": "Kuala Lumpur", "population": 34300000, "area": 330803, "timezone": "UTC+8", "region": "asia-oceania", "language": "Malay", "coordinates": {"lat": 3.1, "lng": 101.7}},
  {"name": "Nepal", "code": "np", "capital": "Kathmandu", "population": 30550000, "area": 147181, "timezone": "UTC+5:45", "region": "asia-oceania", "language": "Nepali", "coordinates": {"lat": 27.7, "lng": 85.3}},
  {"name": "New Zealand", "code": "nz", "capital": "Wellington", "population": 5120000, "area": 268021, "timezone": "UTC+12", "region": "asia-oceania", "language": "English", "coordinates": {"lat": -41.3, "lng": 174.8}},
  {"name": "Oman", "code": "om", "capital": "Muscat", "population": 4520000, "area": 309500, "timezone": "UTC+4", "region": "asia-oceania", "language": "Arabic", "coordinates": {"lat": 23.6, "lng": 58.5}},
  {"name": "Philippines", "code": "ph", "capital": "Manila", "population": 115600000, "area": 300000, "timezone": "UTC+8", "region": "asia-oceania", "language": "Filipino", "coordinates": {"lat": 14.6, "lng": 121.0}},
  {"name": "Pakistan", "code": "pk", "capital": "Islamabad", "population": 231400000, "area": 881913, "timezone": "UTC+5", "region": "asia-oceania", "language": "Urdu", "coordinates": {"lat": 33.7, "lng": 73.1}},
  {"name": "Palestine", "code": "ps", "capital": "Ramallah", "population": 5370000, "area": 6020, "timezone": "UTC+2", "region": "asia-oceania", "language": "Arabic", "coordinates": {"lat": 31.9, "lng": 35.2}},
  {"name": "Qatar", "code": "qa", "capital": "Doha", "population": 2690000, "area": 11586, "timezone": "UTC+3", "region": "asia-oceania", "language": "Arabic", "coordinates": {"lat": 25.3, "lng": 51.5}},
  {"name": "Russia", "code": "ru", "capital": "Moscow", "population": 144100000, "area": 17098242, "timezone": "UTC+3", "region": "asia-oceania", "language": "Russian", "coordinates": {"lat": 55.8, "lng": 37.6}},
  {"name": "Saudi Arabia", "code": "sa", "capital": "Riyadh", "population": 36400000, "area": 2149690, "timezone": "UTC+3", "region": "asia-oceania", "language": "Arabic", "coordinates": {"lat": 24.7, "lng": 46.7}},
  {"name": "Singapore", "code": "sg", "capital": "Singapore", "population": 5450000, "area": 733, "timezone": "UTC+8", "region": "asia-oceania", "language": "English", "coordinates": {"lat": 1.3, "lng": 103.8}},
  {"name": "Syria", "code": "sy", "capital": "Damascus", "population": 22130000, "area": 185180, "timezone": "UTC+3", "region": "asia-oceania", "language": "Arabic", "coordinates": {"lat": 33.5, "lng": 36.3}},
  {"name": "Thailand", "code": "th", "capital": "Bangkok", "population": 71800000, "area": 513120, "timezone": "UTC+7", "region": "asia-oceania", "language": "Thai", "coordinates": {"lat": 13.8, "lng": 100.5}},
  {"name": "Tajikistan", "code": "tj", "capital": "Dushanbe", "population": 9950000, "area": 143100, "timezone": "UTC+5", "region": "asia-oceania", "language": "Tajik", "coordinates": {"lat": 38.6, "lng": 68.8}},
  {"name": "Tokelau", "code": "tk", "capital": "Atafu", "population": 1500, "area": 12, "timezone": "UTC+13", "region": "asia-oceania", "language": "Tokelauan", "coordinates": {"lat": -9.2, "lng": -171.8}},
  {"name": "Turkmenistan", "code": "tm", "capital": "Ashgabat", "population": 6340000, "area": 488100, "timezone": "UTC+5", "region": "asia-oceania", "language": "Turkmen", "coordinates": {"lat": 37.9, "lng": 58.4}},
  {"name": "Turkey", "code": "tr", "capital": "Ankara", "population": 85280000, "area": 783562, "timezone": "UTC+3", "region": "asia-oceania", "language": "Turkish", "coordinates": {"lat": 39.9, "lng": 32.9}},
  {"name": "Taiwan", "code": "tw", "capital": "Taipei", "population": 23570000, "area": 36193, "timezone": "UTC+8", "region": "asia-oceania", "language": "Mandarin", "coordinates": {"lat": 25.0, "lng": 121.5}},
  {"name": "Uzbekistan", "code": "uz", "capital": "Tashkent", "population": 35300000, "area": 448978, "timezone": "UTC+5", "region": "asia-oceania", "language": "Uzbek", "coordinates": {"lat": 41.3, "lng": 69.3}},
  {"name": "Vietnam", "code": "vn", "capital": "Hanoi", "population": 100300000, "area": 331212, "timezone": "UTC+7", "region": "asia-oceania", "language": "Vietnamese", "coordinates": {"lat": 21.0, "lng": 105.8}},
  {"name": "Samoa", "code": "ws", "capital": "Apia", "population": 222000, "area": 2842, "timezone": "UTC+13", "region": "asia-oceania", "language": "Samoan", "coordinates": {"lat": -13.8, "lng": -171.8}},
  {"name": "Yemen", "code": "ye", "capital": "Sana'a", "population": 33700000, "area": 527968, "timezone": "UTC+3", "region": "asia-oceania", "language": "Arabic", "coordinates": {"lat": 15.4, "lng": 44.2}}
]
